tipus_coberta,superficie_ha,percentatge_total,colors_rgb
111. (1) Conreus herbacis,0.2578,0.0047,"115,0,85;15,55,0"
221. (7) Boscos densos d'aciculifolis,3488.0109,63.8358,"121,121,122;24,95,148;25,230,30;51,204,51"
"222. (8) Boscos densos de caducifolis, planifolis",7.2468,0.1326,"102,255,51"
223. (9) Boscos densos d'esclerofil·les i laurifolis,216.1443,3.9558,"104,144,24;255,150,50;255,200,226"
224. (10) Matollar,116.9658,2.1407,"128,128,0;205,205,0;255,255,0;74,149,149"
225. (11) Boscos clars d'aciculifolis,931.8821,17.0548,"150,125,95;180,255,155"
227. (13) Boscos clars d'esclerofil·les i laurifolis,180.3865,3.3013,"170,165,0"
228. (14) Prats i herbassars,510.0372,9.3344,"195,195,160"
229. (15) Bosc de ribera,7.8835,0.1443,"0,255,155"
232. (18) Roquissars i congestes,0.2196,0.004,"50,150,255"
341. (21) Casc urbà,0.1031,0.0019,"255,0,125"
351. (31) Xarxa viària,4.2728,0.0782,"173,170,202;255,230,230"
463. (38) Cursos d'aigua,0.6122,0.0112,"0,0,100"
