id,title,type,group,ecological_justification,supporting_indicators,sources_used,location,affected_surface,expected_ecological_benefit,urgency,difficulty,confidence,dependencies,diagnosis_conclusions,priority_class,decision_status
CONS-001,Conservar preventivament HIC i hàbitats prioritaris abans de qualsevol actuació,conservar,Conservació,"CORE_02 documenta responsabilitat territorial per HIC i HIC prioritaris, sense atribuir-los estat de conservació. La possible irreversibilitat justifica una regla preventiva de no-deteriorament.",CORE_02; CORE_06; CORE_08,habitats_terrestres_v3; hic_v2,Polígons cartografiats com HIC o HIC prioritari dins l'àrea d'Alinyà.,"3.170,95 ha HIC; 1.229,39 ha HIC prioritaris",Evitar impactes sobre hàbitats de responsabilitat de conservació i mantenir els valors que sustenten la diagnosi.,alta,mitjana,mitjana,Validació de camp d'hàbitats abans d'actuacions locals.,"Els HIC impliquen responsabilitat territorial, no estat favorable",P1,alternativa candidata documentada
CONS-002,Mantenir la matriu natural connectada i evitar noves barreres,millorar connectivitat,Conservació,"La diagnosi descriu configuració del mosaic, HIC i continuïtat estructural per separat; cap capa aïllada prova funcionalitat ecològica.",CORE_01; CORE_02; CORE_08; CORE_10,connectivity_infraestructura_verda; land_cover_icgc_cobertes_sol; osm_public_use,Connectors oficials i zones de matriu natural identificades per Infraestructura Verda i cobertes del sòl.,"1.198,60 ha en connectors terrestres principals retallats",Mantenir permeabilitat ecològica i reduir fragmentació futura.,alta,mitjana,mitjana,Model de barreres fines i validació de passos/corredors locals.,Accessibilitat i continuïtat estructural no demostren pressió ni moviment,P2,alternativa candidata documentada
GEST-001,Validar i ordenar l'ús públic on es pot solapar amb hàbitats d'alt valor,ordenar ús públic,Gestió,"CORE_07 documenta accessibilitat cartografiada, no pressió. La coincidència espacial amb HIC o connectors indica on mesurar ús i impacte abans de regular.",CORE_02; CORE_06; CORE_07,connectivity_infraestructura_verda; land_cover_icgc_cobertes_sol; osm_public_use,"Camins, pistes i punts d'ús públic cartografiats per OSM, especialment propers a HIC i zones connectores.","124,83 km de camins/pistes OSM; 18 punts d'ús públic",Reduir possibles conflictes entre conservació i ús públic abans que esdevinguin pressions reals.,mitjana,mitjana,mitjana,"Comptadors, observació de camp o dades de gestors; Strava només si és legalment compatible.",Accessibilitat i continuïtat estructural no demostren pressió ni moviment,P2,alternativa candidata documentada
HIDRO-001,"Validar funcionalitat hídrica, fonts i punts d'aigua abans de definir refugis o restauració",hidrologia,Seguiment,La diagnosi indica que l'aigua està cartografiada parcialment però no funcionalment caracteritzada.,CORE_10; CORE_04,aca_hydrology; copernicus_sentinel_ndmi; copernicus_sentinel_ndvi; detailed_surface_temperature; icgc_dem_mdt; land_cover_icgc_cobertes_sol,Cursos/drenatge ACA i fonts oficials dins l'àrea d'estudi.,"11,77 km de xarxa hidrogràfica/drenatge; 12 fonts oficials","Millorar la lectura de refugis climàtics, fauna associada a aigua i oportunitats de restauració.",alta,mitjana,mitjana,"NDWI, verificació de camp de fonts/basses i estat ecològic dels punts d'aigua.","La xarxa hídrica és un inventari, no una lectura de disponibilitat actual",P2,alternativa candidata documentada
CAMP-001,"Executar una campanya de validació de camp sobre hàbitats, aigua, ús públic i biodiversitat sensible",validar al camp,Treball de camp,La diagnosi marca com a robusta la necessitat de camp perquè falten field_biodiversity i field_validation en diversos indicadors.,CORE_02; CORE_06; CORE_07; CORE_10,aca_hydrology; connectivity_infraestructura_verda; copernicus_sentinel_ndmi; copernicus_sentinel_ndvi; detailed_surface_temperature; fires_burned_areas; gbif_occurrences; habitats_terrestres_v3; hic_v2; icgc_dem_mdt; inaturalist_observations; land_cover_icgc_cobertes_sol; meteocat; osm_public_use; pla_alfa,"HIC i HIC prioritaris, punts d'aigua, accessos principals i grups taxonòmics poc representats.","5.464,03 ha d'àmbit de mostreig; punts finals a definir en pla de camp",Convertir incerteses en criteris verificats i evitar actuacions incompatibles amb hàbitats o espècies sensibles.,molt alta,mitjana,baixa,Disseny de protocols de camp i importador de dades pròpies EcoRadar.,"Diagnosi amb lectures directes, perfils i portes de decisió",P2,alternativa candidata documentada
FOC-001,"Validar combustible, humitat vegetal i discontinuïtats abans de proposar gestió forestal",validar al camp,Treball de camp,"CORE_09 separa propagació actual, sensibilitat, recuperació i operativa. NDMI i LST disponibles són massa antics o multitemporals per descriure l'estat actual i falta combustible de camp.",CORE_09; CORE_01; CORE_10,aca_hydrology; fires_burned_areas; icgc_dem_mdt; land_cover_icgc_cobertes_sol; meteocat; osm_public_use; pla_alfa,"Masses forestals, matollars, prats i discontinuïtats detectades per cobertes del sòl i DEM.","5.464,03 ha d'àmbit potencial; actuacions forestals no delimitades encara",Evitar actuacions forestals prematures i separar zones on el mosaic ajuda de zones on pot faltar discontinuïtat.,alta,mitjana,mitjana,"Nova escena NDMI QA-vàlida, combustible/estructura forestal i validació de camp.","El foc es presenta com un perfil de propagació, sensibilitat, recuperació i operativa",P2,alternativa candidata documentada
AGR-001,"Verificar prats, conreus residuals i espais oberts amb SIGPAC/DUN abans de gestió agrària",gestió agrària,Dades pendents,"CORE_01 descriu un 9,34 % d'espais oberts i agraris, però no els assigna qualitat ni signe ecològic sense objectiu i contrast.",CORE_01; CORE_09,land_cover_icgc_cobertes_sol,"Prats, herbassars, conreus residuals i ecotons detectats per cobertes/hàbitats.","5.464,03 ha d'àmbit; superfície agrària fina pendent de SIGPAC/DUN",Distingir espais oberts ecològicament estratègics de zones sense funció prioritària abans de gestionar o restaurar.,mitjana,baixa,mitjana,Accés oficial SIGPAC/DUN i validació de camp dels espais oberts.,La configuració és forestal i la funció del mosaic depèn de l’objectiu,P2,alternativa candidata documentada
DADES-001,"Desbloquejar Copernicus i clima abans de tancar vegetació, refugis climàtics i vulnerabilitat",investigar,Dades pendents,L’escena Sentinel-2 disponible és del 07/07/2026 i la LST és un compost multitemporal. Cal una nova escena QA-vàlida i normals compatibles per actualitzar vegetació i clima.,CORE_03; CORE_04; CORE_05; CORE_09; CORE_11; CORE_12,copernicus_sentinel_ndmi; copernicus_sentinel_ndvi; detailed_surface_temperature; icgc_dem_mdt; land_cover_icgc_cobertes_sol; meteocat,Tot l'àmbit d'Alinyà; lectura raster i climàtica homogènia.,"5.464,03 ha","Augmentar de forma directa la confiança dels indicadors climàtics, de vegetació, foc i restauració.",molt alta,baixa,baixa,COPERNICUS_CLIENT_ID i COPERNICUS_CLIENT_SECRET per seleccionar una escena recent amb cobertura real i SCL; normals climàtiques verificades.,Refugis i vulnerabilitat climàtica requereixen dues lectures diferents,P2,alternativa candidata documentada
REST-001,Validar zones candidates de restauració abans de convertir el potencial en actuacions,validar al camp,Restauració,"CORE_11 retorna NO AVALUABLE: no hi ha degradació demostrada, referència, objectiu, benefici comparat amb no-intervenció ni viabilitat.",CORE_11; CORE_12,aca_hydrology; connectivity_infraestructura_verda; copernicus_sentinel_ndmi; copernicus_sentinel_ndvi; detailed_surface_temperature; fires_burned_areas; gbif_occurrences; habitats_terrestres_v3; hic_v2; icgc_dem_mdt; inaturalist_observations; land_cover_icgc_cobertes_sol; meteocat; osm_public_use; pla_alfa,Cap sector de restauració és justificable fins completar la porta de decisió.,"5.464,03 ha d'anàlisi; superfície d'actuació no delimitada",Evitar restauracions mal localitzades i preparar una cartera de zones candidates amb criteri ecològic.,mitjana,mitjana,baixa,"Degradació demostrada, ecosistema de referència, objectiu, benefici, viabilitat, risc i treball de camp.",La síntesi manté prioritats per alternativa i rebutja una única nota global,NO AVALUABLE,veto per manca d'evidència essencial
