date,REW,DDS,LFMC,DFMC,SFP,CFP
2026-09-07,33.64746380894882,23.91793334610971,116.34106509941952,8.141507783204613,9.0,9.0
2026-09-07,13.328690903748594,24.7200858072475,148.78896344919534,8.282509919975897,9.0,9.0
2026-09-07,25.121764114615807,16.857255879776,127.29291968057808,8.644786915743573,6.889927845684697,7.131404982031187
2026-09-07,32.83384304090741,17.24050342696263,125.08335875787937,9.377923408381452,7.295042156692288,8.072869190072378
2026-09-07,90.51181955742727,0.5886410719915519,76.03386131781438,9.97278422812396,9.0,8.421607435671477
2026-09-07,52.885588998823785,8.620914990295853,139.98197270856383,11.257488743006402,9.0,8.00918715921747
2026-09-07,48.270877364613604,9.496684911883843,137.1291411372592,10.858280808636142,9.0,0.0
2026-09-07,89.82245181709834,2.053222730702246,138.97144155980303,9.789636662011828,8.429272579285993,8.762391869250791
2026-09-07,30.701742303355356,7.558694781561282,135.03696347115937,10.205606095079922,6.667933124235745,6.878932541963614
2026-09-07,83.31068215157586,2.4134045695037303,130.0141925414222,8.220792344769952,8.83938985417487,0.0
2026-09-07,45.19137902186045,6.93418194857869,99.29878851764033,8.019516288389484,9.0,9.0
2026-09-07,71.23999616499458,2.17061179254608,110.76421398241841,8.078388165179298,9.0,8.323407685692981
2026-09-07,30.95370525432716,15.637364656980685,116.27900580439676,7.987213212033398,9.0,9.0
2026-09-07,50.99452467490128,2.30358271248849,147.0418833677572,11.047352073072634,7.5432342079015315,6.7385846744284725
2026-09-07,86.12281845911026,1.7108521458357708,130.38812840431794,11.827407371941641,6.954955943400291,6.3761236019483585
2026-09-07,90.89474263216644,0.24949204261318222,154.56715676980883,14.97400079963927,4.73539506476948,5.319666346982039
2026-09-07,91.70774297615777,0.11788461833741624,121.51183367922285,18.56301431602789,3.761012491343606,5.035826038336509
2026-09-07,89.7323547767833,1.252878292515957,119.77496814373175,21.610892273953045,4.357584133765839,5.907907210803043
2026-09-07,100.0,0.04131458541498656,119.8819586021766,23.45967335111491,2.5511271389650436,4.717441100742947
2026-09-07,38.23684824041455,8.109016837028507,117.79720595322325,10.145686722475116,6.918334279288086,7.922020272951296
2026-09-07,35.66959719705868,8.75968581449165,117.63810062513423,9.50559364981811,7.651549075145635,7.376222837208201
2026-09-07,40.13165366344008,9.911606231522414,131.27171704443904,10.704338913841692,7.8547910836957815,7.005259559258838
2026-09-07,92.42660268352269,0.6566404399859878,87.78789678275591,9.809965354330153,9.0,8.649331933795064
2026-09-07,40.42690274858077,4.662944388717833,123.53993487279267,10.731989725914342,9.0,8.354938084480406
2026-09-07,85.16225830714495,0.1020015628662174,154.44875721308097,13.608838119453631,5.8891078224950295,6.073152964099148
2026-09-07,67.08768516730304,1.287129076267476,148.59143838958872,15.666762843404209,5.7387650425737915,6.920484777832529
2026-09-07,37.92397609574753,0.9132159492167108,150.90949291888677,15.194365504773915,5.304677493535669,4.62281324112218
2026-09-07,31.43780654213422,1.2282970880177095,152.54659515023977,14.649104954510799,4.856755413193437,4.79717752434013
2026-09-07,66.10004032020305,0.9957322902871518,129.01908479877542,13.67607006421987,6.498719587108973,8.911327222501304
2026-09-07,43.70517623809292,0.8602414471192269,154.56192767225488,13.156923200155816,5.080072612612099,6.654620182845763
2026-09-07,89.93068105169176,1.0492099808783582,116.10041577187143,11.289255987025888,7.591172271176012,6.697425419369337
2026-09-07,89.9000866562882,0.09802870198853349,154.63862963869278,11.369680160957673,4.42416721046982,5.099204880164303
2026-09-07,55.88308829035723,1.6418132302023036,154.6502707590229,11.120795949074811,4.625844280569213,5.422771632889984
2026-09-07,86.62120486419154,0.3175563013916681,146.0894452259894,11.31039899791314,3.6233993542739533,5.33271403175925
2026-09-07,64.27089440522862,1.3029934459826644,137.824635338788,10.158436719667945,3.7624933266422005,5.546918058995568
2026-09-07,,,,,,
2026-09-07,44.5889839391527,1.5482641179019647,147.020358232052,14.289197263579808,5.983981280422059,7.671936705418485
2026-09-07,55.747124697923965,0.46674205136941815,150.63967390205647,16.36189049983718,5.413550158273105,6.987238377625117
2026-09-07,73.66342874410114,0.2399173258285383,128.5978358411312,19.340731866799374,4.810381261191855,6.163044608318158
2026-09-07,19.84213047285062,22.335224772167855,110.64501765237448,7.766513098810622,7.775718877004971,7.853166749351172
2026-09-07,43.92329136464737,4.672660363317502,124.3402234340787,8.292997032401583,6.52385182380017,9.0
2026-09-07,32.658291998651414,9.391076582903212,121.63760585070588,8.633846715403985,6.788978520999328,8.525062460062667
2026-09-07,20.49621729726187,24.78432640732646,117.8392076064903,8.558217336446374,6.700346747100445,7.659362328683364
2026-09-07,42.731393206837986,8.558161635526025,114.22030469257456,8.272827262219383,9.0,0.0
2026-09-07,46.46538767469718,20.38863601373008,52.587670660467886,7.988021176759233,9.0,7.807324426006779
2026-09-07,47.099676436349,6.8392581877170855,85.72795460072753,8.148588990088893,9.0,9.0
2026-09-07,90.2310463369757,1.0962474366328998,99.95865050043032,8.905123691292337,8.820613448558897,7.803455672746029
2026-09-07,89.90976482756209,0.9771957473658746,105.29674331907955,9.174523294028685,8.64192594451894,6.869577542545616
2026-09-07,82.84783667696045,0.38908604327233254,91.76313077761617,8.702432139872872,8.875236712710747,6.56057218122318
2026-09-07,92.41794282073789,0.43252692061514963,142.8018542470309,9.8321607549293,5.372207146889858,5.178629338782489
2026-09-07,26.04108346440068,22.052462708701803,155.16799850689756,10.625911684660256,8.383505039912768,7.876643451921522
2026-09-07,69.90973363642937,2.112541753925564,153.4990830325926,11.901733864577785,9.0,7.104502734262686
2026-09-07,89.30670826977935,0.23944650560897685,125.03281792161813,19.05581745357855,4.033053364400318,5.30076669777254
2026-09-07,82.38311855504698,1.6657150541624484,123.73767909674089,19.867018963245588,4.597201905454163,6.225916170712758
2026-09-07,87.54009197838916,0.573290629966743,139.4281739883965,19.963989619475463,3.8381627583909017,5.197006685383919
2026-09-07,86.9445171586101,2.3101654395910067,120.29473040289125,22.900659779883373,5.101981705489336,5.957635597949417
2026-09-07,94.41930165427473,2.4948221894811557,120.84266814752561,23.801038007137457,3.9090303885685174,0.0
2026-09-07,100.0,1.4933301672188726,152.60804708027428,27.20584329183166,2.9667803678101414,0.0
2026-09-07,60.4117581102794,4.784361430621334,128.21845480883115,10.598231592612963,8.866701251618403,9.0
2026-09-07,49.986401852057746,4.955588037626331,119.89828454407652,11.006892655354305,8.0123682155018,5.781017579487138
2026-09-07,94.28016311102213,0.3530775265654347,77.7514996173862,11.62002232358596,8.981824511616463,8.357194072435455
2026-09-07,52.07641837055892,5.116316854990637,132.20829709381673,10.855488776415207,8.521267545322544,8.296303305462082
2026-09-07,41.46088567500513,4.120669413573599,120.21296259468305,8.698335743856974,6.758134970241022,8.578899514638957
2026-09-07,87.05541340451197,1.1632165472245901,106.68065828202253,11.17798128721622,9.0,0.0
2026-09-07,86.48022454667888,1.1806887576630292,110.12635627327279,11.208747864457324,9.0,0.0
2026-09-07,66.64633974246247,3.953790165548993,149.11257330205314,11.253680890445363,9.0,0.0
2026-09-07,87.90481007075724,1.0889906177732829,107.77824189729238,11.796976665905373,9.0,7.626036763282226
2026-09-07,94.08563442690303,0.7863477945147651,111.93037359739951,13.013583549034227,9.0,0.0
2026-09-07,96.6262305718967,0.8882535655787053,126.61897507145784,13.111494423604277,7.22897631250809,0.0
2026-09-07,90.49559457555767,0.2196817696351797,152.79489755567494,17.213780273592022,4.163957604914986,5.347011066360227
2026-09-07,90.73976797470287,0.44723124241992335,119.82417959695609,20.269302930319988,4.069751275346697,5.682314923260683
2026-09-07,92.55239448330951,0.06793004409650916,119.84406566796862,21.726012810788166,4.089705024684523,5.359846130621307
2026-09-07,90.04438467297089,1.1279789441718822,119.77776571468794,22.50256232099043,4.505297905554658,5.962106483250168
2026-09-07,90.8284518257232,1.6325123287964625,119.76430066638852,24.58407718281367,4.68257008508102,5.752035875171071
2026-09-07,89.99119308300219,2.951473008710491,119.87825576030839,25.930644635952856,5.26932778400915,5.807643545012723
2026-09-07,42.075726539699396,6.745663039004352,75.29633140000851,7.699827032428022,9.0,9.0
2026-09-07,43.55268011565586,7.630791532985273,172.72555152486373,7.8625666096679225,9.0,9.0
2026-09-07,26.84513969302692,22.741677472214604,150.8900043789102,8.741352971798346,6.308480230036979,7.458543866335437
2026-09-07,93.73823206947219,0.8544241328481146,94.6494066247098,8.734773445352538,7.835044120136673,0.0
2026-09-07,68.45622996564164,5.78155213794814,126.89922603221663,9.061570461823239,9.0,9.0
2026-09-07,93.00840779075111,0.5382387746605076,77.4042558063626,10.247986731417834,9.0,9.0
2026-09-07,30.154593746576076,12.217145631453384,145.03748457260411,10.687940357220196,5.578829869436098,6.841826838093875
2026-09-07,87.14204805516272,0.7247239280284551,134.54696438841918,11.874748234260089,5.4157047774648355,5.612437684461127
2026-09-07,92.73083698615292,0.47301274277050354,134.40929106824075,13.221347563089031,5.001487980951672,5.421569792146403
2026-09-07,93.33666237951559,0.04180534126378613,140.38854576324707,15.536793584644247,5.1814825106614295,5.266507581065691
2026-09-07,81.2678670725994,0.5936122383807156,119.7548001244763,19.500416912543866,4.339586209517513,5.308853746939902
2026-09-07,87.41423672738891,1.6300349071779057,123.96347430384209,22.6618362726426,4.165507816038131,6.01333749388127
2026-09-07,86.62309025570937,4.346788957909434,138.06228138593386,23.602597802727686,5.295857589202492,5.9803928092470455
2026-09-07,86.1779126863673,6.272029230307693,140.37130529052104,24.116310137312343,5.1929418847379285,0.0
2026-09-07,100.0,2.9213287411566857,120.9222824772639,25.012099641483236,4.12139867227761,0.0
2026-09-07,94.48372528756161,2.1073780747313964,138.83756330236528,24.79668255372241,4.000838753522242,0.0
2026-09-07,39.55658913435448,3.812472322205771,144.4191194487634,11.592700254614414,7.109979211476124,8.467039092729022
2026-09-07,60.20612719791174,4.27553168018439,122.46985145883609,10.612489765921922,6.164258553427976,8.396286103502167
2026-09-07,84.97363849849064,0.5099800935020774,97.70284841435735,9.825174709999,7.370420147143848,8.717363087169419
2026-09-07,73.04382491185414,1.5332858361024209,115.40089115491487,9.972804060143634,6.73439432340095,6.435244858471519
2026-09-07,89.90394443688079,0.534803232361226,113.31715661866487,9.455240683531901,5.649837834747481,5.841404121707016
2026-09-07,71.07341881502633,0.8884659985800071,110.59942476460917,8.465870949075876,5.3479215885781155,5.9182384118206315
2026-09-07,38.671058718341065,7.912221015847056,109.76691079298973,8.377323412590775,6.07597212145539,8.434507853679229
2026-09-07,56.555084121307495,1.6610438630536704,109.4560706862137,8.719213931558993,5.151710261313774,5.831129906834673
2026-09-07,67.74921670838498,0.9669895419398054,110.1789693061795,9.131378638803575,5.1865012621042395,9.0
2026-09-07,87.30054912963588,1.4026419658380813,117.2444280415999,9.372072289101002,8.20963899055059,8.093274112194964
2026-09-07,78.37812293872004,3.2342822249892085,145.06268880524124,11.554305754585156,9.0,9.0
2026-09-07,62.94313914694318,0.17392695732167798,154.0729720116467,13.272899526832457,5.819923314475382,6.907347672433635
2026-09-07,69.50800344477976,0.42844356244334125,152.7059314783364,14.152852828253113,5.147331178431754,6.559719741053807
2026-09-07,67.41045825123908,0.6270906290272497,150.8247564478434,13.707864891511823,5.142949632651218,7.468142925115848
2026-09-07,33.50443667377122,3.5820790012584154,152.58287052675192,13.638430038744144,5.666666983212102,7.975015787090199
2026-09-07,29.018298733216547,1.4338839868815703,153.7508903847353,13.435477397973457,5.349058168482317,7.939977183057391
2026-09-07,68.95258282712999,0.8986710169604657,149.28863629145627,13.094816679452368,4.966807016627234,7.818001562332467
2026-09-07,52.380664139623555,2.1887362489436257,154.30697074835362,12.399101290127618,4.650224423082527,6.9850270182137235
2026-09-07,92.3402690732949,0.2232193871993015,155.5430615940686,10.936446933819127,4.080239231731206,4.57516271631496
2026-09-07,38.132001884787,3.7151255673630166,153.06524632740664,10.597055960028246,4.4665046760532645,5.847454156952481
2026-09-07,22.874045556722077,5.9992290505438834,147.6873552694063,9.71774784637583,5.105986295383097,6.538152191451993
2026-09-07,100.0,0.3979819925607366,87.17401681273671,10.157338367887672,5.257299447954439,6.972610756779016
2026-09-07,39.70552625217,4.022154837726177,144.9368377601298,12.431745052848466,5.837901221795091,7.154462291354782
2026-09-07,63.650170506099,0.6466106792051832,154.07569529295537,14.479379589503694,5.080970493775792,4.711631040968455
2026-09-07,55.04074770385679,0.41159018177180956,151.53721614397568,16.56158794184784,4.933937153091049,3.9315003433857707
2026-09-07,87.86706296113847,1.6043420012252771,93.95809970217627,11.48309252387077,9.0,8.27292338775086
2026-09-07,67.98311491320945,3.9122044051071443,142.87683180253796,11.356960802993239,9.0,9.0
2026-09-07,66.74628602056778,3.270945179312467,127.30219223445444,12.868304003099059,6.960324988046481,6.715838815623593
2026-09-07,100.0,0.7454856290430543,98.4448807673194,13.218495203473491,6.325387572465093,0.0
2026-09-07,85.18771151107542,0.7590908066316375,156.15831137492177,15.157798668835289,6.225984307037223,5.813938790086633
2026-09-07,72.47332040299399,1.0703299134835693,153.87546872305492,16.47163909211487,5.034385920713872,6.381208341381666
2026-09-07,90.92051020278686,1.5622585276389078,140.48312744333873,14.175376497091019,8.951321689338387,8.790380563738522
2026-09-07,93.03229552554401,0.028822840267812903,156.61707618075383,15.739661278498778,3.9566269321255647,5.3405530377818415
2026-09-07,72.7174669521137,0.07534228422543551,156.42723257460935,17.116090830446048,4.436459823690855,6.233681323639651
2026-09-07,69.93103522947935,1.50020845945144,144.65743255295303,15.310632704849949,5.488080712314605,6.1086548429688685
2026-09-07,81.9389774701979,0.013048120587879198,156.414128036703,16.020476359541362,4.081308313870798,5.820652898882104
2026-09-07,87.19317709868766,0.1953815429335419,152.39262858365663,16.229650557027945,4.791514442014138,5.570164906127092
2026-09-07,83.82614788823018,0.2501331405643275,170.23783237174575,16.497376118033003,4.624681193209285,5.453724420310571
2026-09-07,100.0,0.002212897794657955,159.95214908753772,17.372747900911733,3.7368085598539693,4.701162403469611
2026-09-07,100.0,0.005338101051945703,153.14872127561213,17.417814191295157,3.946170267312495,5.214032004751046
2026-09-07,100.0,0.09540187884374891,144.41719962108795,18.023476774725978,3.4534224059266982,4.4938547595145755
2026-09-07,100.0,0.08338317599275888,140.2296145883917,17.293725042699258,3.4209055157381725,3.9724099054480537
2026-09-07,94.73186043871226,1.1406807167476767,130.90029259017044,19.482560636283296,3.540928768098409,4.952348659640757
2026-09-07,100.0,0.21458156609978754,167.88406914984546,16.773624688088248,3.315845972313316,4.261307038009918
2026-09-07,100.0,0.12745046046666997,141.60277694615797,18.87698691049867,3.027008081281937,3.9615654944959515
2026-09-07,100.0,0.03806923887605913,115.15411046950386,15.098631754950972,4.118154235112486,5.30093375452532
2026-09-07,65.80153647456545,5.979595596780934,210.7401104601094,16.04603995301197,4.495650995083408,5.090330222224699
2026-09-07,83.59770632702426,0.96999774829914,143.81074994638024,13.139874624109037,4.270981966721188,5.06511682190368
2026-09-07,100.0,0.862241952320821,158.2538639037091,13.96615692126939,4.700432823110052,0.0
2026-09-07,56.95250171314058,4.751806168860273,192.52889907829456,12.309292741670495,5.509424688640429,5.33022554774316
2026-09-07,89.14437546057512,0.7651516539535523,142.54869239121948,13.773036494791631,4.698287735877015,4.646288279874117
2026-09-07,94.3123716467559,5.098663289303966,119.2555298748092,13.363379391664813,3.5558064761818393,0.0
2026-09-07,95.49321637969118,0.18974931590541722,149.384923015088,15.030983726671776,3.143926132895168,3.930112667304329
2026-09-07,94.17184596719093,0.008511967662609012,153.03912443219545,16.984362159116323,3.355726846801901,4.922691228558233
2026-09-07,100.0,0.37450254303207037,151.75453495236968,17.847265398760943,3.81217638059232,5.0296354449234295
2026-09-07,88.00235202331815,0.5654840688283085,173.87951520612378,18.310145095724707,4.258244138225786,4.945486642668346
2026-09-07,78.15152942017465,0.2896811289109976,150.46828456785678,16.579843684280704,4.161047691008178,5.378007477948069
2026-09-07,100.0,1.651807789003044,131.63132571995442,15.718985062505892,3.400218730008557,4.324757668240757
2026-09-07,89.40506262309815,0.011260059469298799,153.24281012269958,17.981206981404245,3.696847658846856,5.191760450599743
2026-09-07,100.0,1.4148931024544997,118.2217644087103,14.623240991668302,4.0268509739177185,3.36290176664289
2026-09-07,88.70321293523565,0.14723884428528725,154.2764585717528,16.939561467458958,3.7209535725072884,5.102981902147103
2026-09-07,100.0,0.13579982299460422,160.09195531121534,16.502221459716203,4.5684700781442125,4.962290272716019
2026-09-07,100.0,0.20458996978436977,155.98265705853643,16.42414916001812,4.269661271147555,4.752852616672248
2026-09-07,100.0,0.048035144696079654,121.04401403975886,16.867796372959337,4.963777681743657,0.0
2026-09-07,80.50530983217064,0.8709071368258453,134.11516720477167,16.550041117232112,9.0,7.328517956394054
2026-09-07,94.14211308845768,0.20967490543916004,119.87789132479672,17.624362565694977,5.184424100398601,4.4049745359418
2026-09-07,86.66727453664492,0.056668143061492746,138.57379432773547,16.356933918836898,4.4675543960846325,5.869247795618959
2026-09-07,90.50349153074893,0.143308327790857,120.0624222052123,17.266029530980603,4.377035160984175,5.167606998909148
2026-09-07,100.0,0.049303375953925976,120.51422298557017,19.10264276172026,3.164899834989538,4.315855497987683
2026-09-07,75.40612424073078,0.3003702066116476,120.61228057893655,18.774358023358936,6.115906262008002,4.6680504646653675
2026-09-07,95.82839728782105,0.10233636723436564,120.54614198855,19.87825719532949,3.281976346774338,4.736997858697811
2026-09-07,100.0,0.033666093968063984,119.9828687907329,20.882763319569285,2.898945322620925,4.052500488535233
2026-09-07,100.0,1.4582319470482539,123.2704680855928,20.56265908505695,4.5833865316439475,4.801148444977962
2026-09-07,95.55657552273027,0.5591183827317288,121.55036445095932,21.338424439252513,3.658378436492547,4.875511788865196
2026-09-07,100.0,0.01955186426588873,119.9522445677683,22.297739643369862,2.741874462875784,0.0
2026-09-07,100.0,1.2660673483379297,161.04526244431813,16.982528446341867,3.53982651117807,0.0
2026-09-07,91.92132665548998,0.1825715732734732,122.53503734724664,14.560400962062095,4.2055615969095355,0.0
2026-09-07,79.89521980845784,3.4024265641248816,127.54519509792512,17.560278379537003,8.8524329381383,7.252550896211328
2026-09-07,90.38977669361644,0.15666387610183968,122.91554176726981,16.745796567835782,4.428385399823428,4.703311952381528
2026-09-07,100.0,0.05518367619379713,125.66144860373828,21.35567000528171,3.4324640573295637,4.7327007343731315
2026-09-07,100.0,0.05563986814527009,119.95960527783811,20.887203266128402,3.5070506365080685,4.833149752501035
2026-09-07,100.0,0.17211704435243494,129.24468568975308,22.279512591329784,2.7900799224032546,4.198812451132893
2026-09-07,100.0,0.040823331657522235,120.47806052691779,23.102832520554895,2.0129699107014343,4.0096103033447665
2026-09-07,100.0,0.09571243195152511,120.46450839693941,20.769926353484085,3.707163742419701,4.207512975738247
2026-09-07,76.00398296922035,1.4070584681615108,129.26439512734405,9.820256974218935,6.668895483486679,6.955272459025725
2026-09-07,52.34521016990913,7.781727511598826,115.0915152396328,8.440499826594209,9.0,9.0
2026-09-07,62.94110426454888,2.1708852289818372,124.02349281929607,9.404164366708574,8.748794563634481,9.0
2026-09-07,89.4725605638204,0.39801555449981685,137.1591557372115,10.594388376143172,5.822703573383237,9.0
2026-09-07,44.59240332323664,7.4191625732540345,116.89183749068108,11.852168501547622,7.48732269217175,8.7110829259419
2026-09-07,82.14449038987195,1.640604516789697,114.75265476401107,11.040663548758932,8.942591861213593,9.0
2026-09-07,41.03757372355709,7.44573771752605,127.90466616113085,10.992638440617759,7.804231176793399,7.174939616076984
2026-09-07,35.146415956255645,5.609132201298264,127.07885574766452,10.347262086454933,6.340212858848808,7.832940787973086
2026-09-07,69.68883712064395,1.633093339352789,132.18212943780236,11.815220489073857,6.1863359032864835,8.66144742183094
2026-09-07,46.30665247742276,2.1036787075372474,133.32590035072928,11.896479174825124,5.854135974284464,8.247538750574398
2026-09-07,73.54120253187155,0.5848693302991735,147.4623167793289,14.22123769759281,5.793729186754258,7.934159875564975
2026-09-07,58.49911883310545,1.7212959980587754,142.68368106533774,15.660022698691376,5.240603750689531,7.729749977146685
2026-09-07,64.65754232052407,0.5043836811180438,150.86011092876618,14.70104827316707,5.600607752731523,8.087089826882865
2026-09-07,79.39656598171882,0.24990880551734332,168.49295013419177,17.74690889501177,5.062815652565211,6.29629799707531
2026-09-07,59.91568869106051,0.0645242480119391,156.14463735440805,16.35335444472357,4.77949723689891,7.048875899518233
2026-09-07,58.896265230870995,0.5105533995678001,165.22419581426442,17.635792448769102,5.020951359466723,6.928770654211466
2026-09-07,31.589712884097825,6.784227635390894,141.7141856087277,12.585387593091468,7.785359352641004,8.204065565154938
2026-09-07,37.12901390127687,3.377567240911902,140.37977099386262,10.803432275149891,7.659007953896236,9.0
2026-09-07,44.68523618701019,2.6506178159270783,145.31382414047394,11.097444894198386,6.166612318442785,7.269539405948859
2026-09-07,52.61084731626807,3.702939268449096,136.85793603880882,11.772937253044535,9.0,6.625849550172394
2026-09-07,48.14543953836569,3.9595120119430396,84.7948521099811,9.7098691765505,8.963798860744498,9.0
2026-09-07,54.00716061140979,7.446309966191027,115.24956949301608,9.587227744845432,9.0,9.0
2026-09-07,42.300580754078126,4.664709011257714,140.0415585887497,11.882179638697377,7.788597341674254,7.338337766853202
2026-09-07,100.0,1.0914632663170705,120.21330205009032,22.587034139499366,2.846074586036083,4.160630570791083
2026-09-07,33.60226131052597,18.275333043030003,115.46122687554902,8.828224655605677,9.0,9.0
2026-09-07,51.70189765896546,8.017688606116208,115.18301925443006,8.096648335991908,9.0,9.0
2026-09-07,58.83199408851372,1.7519106945299254,103.91886832254531,8.504570091527606,6.620296610101834,7.082316059609185
2026-09-07,48.84920281005213,1.8072535571112816,66.51891056729222,7.435412789349337,9.0,9.0
2026-09-07,42.62372129759974,3.2165962287192444,93.54012201464822,8.186377529337431,8.277377813819028,9.0
2026-09-07,31.008137628028383,29.49996149035104,140.35313884957728,7.501408768590149,7.414220242036228,4.956047589330557
2026-09-07,64.6666199362029,4.241019633144079,127.25826383005105,9.200150063111458,8.633300800836421,8.593149145807109
2026-09-07,43.60966224553409,3.212136655926592,109.45804126632079,7.583869558175211,5.93401730334622,5.431159845676347
2026-09-07,15.107352685886774,26.864194781126024,104.06850318732938,7.5700083239551175,9.0,9.0
2026-09-07,17.54238554523874,29.49536768949113,107.15638727981703,7.742463614112399,9.0,9.0
2026-09-07,18.323082348797403,23.04060613297292,114.11305432369817,7.910992031163012,9.0,9.0
2026-09-07,66.60515312861082,1.5871233676816034,105.09926749640053,9.049591518933081,5.63717837307378,6.266080626435639
2026-09-07,79.49654167181224,1.881986878699405,118.0944436491974,9.219382629193799,7.586409100751837,6.977897421637021
2026-09-07,30.052164915395778,21.09476503721692,133.49741647930568,9.532692520641596,9.0,9.0
2026-09-07,48.139079587830224,4.787518845022919,126.4260908967362,10.0914552359103,9.0,6.53861865464064
2026-09-07,65.27275250881388,2.473940690373678,118.6395322982912,11.31298700628571,9.0,8.591817087697248
2026-09-07,91.55847960087166,0.2836090832491271,145.0778153091073,12.003039083228462,5.196872431989947,5.843718247154397
2026-09-07,72.762949309744,0.39322034170490616,151.05384974612608,14.610904329628898,5.221085413218134,6.701969632915301
2026-09-07,70.76493443104333,1.8044573414359244,152.32077793279416,15.631149163750367,4.97538776931387,7.630655928094536
2026-09-07,89.40398400263744,0.02745254462322863,156.56539367809447,15.952141805314692,3.8030277457816952,3.0337544422718254
2026-09-07,59.09364030728458,0.2683658311720786,151.71235388652624,15.641433914281055,4.643803647080672,3.675656794230758
2026-09-07,67.27957743218124,0.17967497829144208,146.462617276522,15.674652755981556,4.576893446664219,6.296980303725979
2026-09-07,64.59440274778856,0.4874280749522495,148.94345642167187,16.513903573166093,4.80560878968483,6.339634965477467
2026-09-07,70.15059967738705,0.40515911339814326,151.54160895983327,17.82802347659357,4.531781713561738,5.876684137024152
2026-09-07,84.74688211013004,1.78682844126263,123.81086315003611,19.17995962895307,4.640456299104932,5.9730599598588965
2026-09-07,89.56480403835798,1.9973543427926017,125.23795275323583,9.4839189659136,8.74487352580047,0.0
2026-09-07,49.0296965595957,8.632717584205706,142.2133236995156,9.610085205552203,9.0,8.13267088165711
2026-09-07,55.84443124069127,6.546375782945506,152.2104845690897,10.257248075177532,9.0,9.0
2026-09-07,88.76367207860099,1.2538473368759229,102.98536933185291,9.270359854374542,8.803794788760213,0.0
2026-09-07,70.1576554089393,2.240703958898108,104.71764842110179,8.807066425150843,9.0,0.0
2026-09-07,20.012951276753913,18.62089133130545,151.40783001261585,9.080246166386564,9.0,8.79840776524667
2026-09-07,36.569966079131845,13.645852058528744,161.08119819336093,9.985959652682642,9.0,7.499381489464572
2026-09-07,99.57570466326054,0.2386583487391638,151.19040892328053,11.93092482513054,6.442286068408522,5.171808974028374
2026-09-07,87.09099786302225,1.3707262259067827,155.12975429415553,12.506628856910126,8.36349884742278,5.948486595374315
2026-09-07,94.98019493340895,0.40917368944682075,87.89052890728078,11.05748398659143,7.341516691481608,5.685222947744341
2026-09-07,89.60101974478827,1.1482538829144784,105.57316223567015,10.57964253337547,9.0,9.0
2026-09-07,90.63726476669055,0.47141869338475834,90.26978668563034,11.449498374002488,6.228357153239514,6.427400643127136
2026-09-07,89.10509480875743,0.04336816158516198,142.81226480231084,17.939562049774004,4.311561379947142,5.766914431310673
2026-09-07,90.62024196988384,0.5465132751323888,139.6140688628411,20.723778659675432,3.920890120890131,5.130271107637732
2026-09-07,91.49142215088683,0.7825846900219813,121.53957385419955,23.16556355477382,4.015228908273381,5.5348012219586415
2026-09-07,96.87841670088511,0.12457527552705605,119.87157147752308,24.67039958457169,2.4017611008460067,4.425042569827217
2026-09-07,94.99847748411058,1.3275227710591346,119.8033620382039,26.219732617922553,4.15434327151397,5.057412146032827
2026-09-07,36.4906070925275,11.94212688053578,93.04562807872696,8.202455581023635,7.406685808626947,9.0
2026-09-07,37.8957542257354,12.790522936436801,121.61403313837212,8.771328820716747,9.0,9.0
2026-09-07,29.02895188135287,8.944314009903415,143.962048306418,8.981399033597516,9.0,9.0
2026-09-07,33.70383100344545,13.008507560764071,126.72586789678037,9.114504247567712,7.604045173237014,8.335645785175666
2026-09-07,66.73435417967701,1.8283093788803781,123.5114125914427,10.00301016164962,6.027929932656429,9.0
2026-09-07,69.9540569099782,0.9503091751048918,128.16635258523226,9.644882563638731,8.79525552875775,6.694505368997027
2026-09-07,85.14857335280135,3.9365843751966736,154.6544979817171,11.84150773020745,9.0,8.913145413584118
2026-09-07,85.82366091764811,1.1433495519654733,105.11409266301904,11.13012836871792,9.0,8.598388343132868
2026-09-07,47.110852625692665,3.900931562390163,152.48652313940838,12.828625554099494,6.649884879468172,7.666350346753719
2026-09-07,81.81260208480714,2.820009714238017,153.29258541835702,13.077167025162492,9.0,9.0
2026-09-07,53.84687286424925,2.948379440849711,137.661577989123,12.812430398164905,7.505854895038434,7.0999863730464545
2026-09-07,39.10150204725155,3.10729969333426,144.83910974337041,12.275532487953667,5.73882682563794,8.592281876227194
2026-09-07,66.89216175311145,0.7173201480282837,145.67959079053566,13.577076383225966,7.574758665043317,6.860999715240813
2026-09-07,44.86377537327471,4.894367471493839,136.55703524330676,13.00209577626972,6.526633413097562,7.805300013027759
2026-09-07,,,,,,
2026-09-07,46.918634503315346,1.4403089426940807,145.45830229034215,12.43947958363302,6.061623006636747,7.857796491429196
2026-09-07,,,,,,
2026-09-07,100.0,0.5012512795378028,76.085417916867,12.073813089536463,7.817505487799622,7.783787292536699
2026-09-07,96.38327970210518,0.19780546194744894,150.66189375060154,12.894335646488873,5.792313756252368,4.639436969147268
2026-09-07,89.2252429774632,2.3574273519669164,172.64817393156807,14.47688811669745,7.249781703399379,0.0
2026-09-07,100.0,0.024413406782924914,153.07418495307888,13.86591633383869,5.401502839848393,4.687944142604507
2026-09-07,89.54135908977601,1.2927164121119814,130.72066180617415,14.045972234223479,9.0,9.0
2026-09-07,100.0,0.43546121359466794,81.43133757623372,14.366736756724638,6.379818560746969,0.0
2026-09-07,89.39189330630177,0.149735818651736,148.40293579704493,15.731055499985999,5.1458916725404205,5.9961531143577576
2026-09-07,94.67209718804175,0.4049648583393405,197.829140616178,16.834091285621138,5.71470497996104,4.492477449835101
2026-09-07,94.13529967430088,0.5293647229712883,146.6977734172084,16.775755803622538,5.506992942474583,5.186888739146738
2026-09-07,61.39420573245552,0.05863889442594137,156.13356833755492,16.534858473992813,4.649913255909786,6.176201900803125
2026-09-07,85.83421713926246,0.04030085301010569,156.54415408424393,16.65147210798062,4.050470456328767,5.665758155857704
2026-09-07,42.97681681422673,0.4314556732996202,155.74274480444888,14.518199769798104,4.415646522832974,3.589311576815814
2026-09-07,36.10401863022775,0.535748736230836,149.76657530588625,13.756267188789861,4.098814764967895,3.9922160702449907
2026-09-07,34.42506534109539,0.9601261348498202,155.23653217030883,14.037969252480696,4.884189628459186,3.890297511628656
2026-09-07,50.57722428625292,0.3454069168783592,155.16516433087415,16.808049570412436,4.683669957749238,3.9116689775302858
2026-09-07,49.01022605622177,0.5342346896968861,144.82241313637806,14.931670939057874,6.750236758859791,5.6828328929123195
2026-09-07,37.032155667606034,21.884032035523294,154.2168989866768,10.091389145998914,9.0,0.0
2026-09-07,39.169188686300465,3.9786313448859345,144.16761603329448,12.086387261425562,6.928816687602149,8.541748278358986
2026-09-07,40.448741457456336,1.345116688745249,153.79529115780238,11.301467811759931,6.037811926202888,8.310197667397114
2026-09-07,37.23337939135597,8.282634914890727,147.69921626005387,11.65527500422719,7.768842909935979,9.0
2026-09-07,73.99790791215051,1.0883213760094628,137.9463251657957,12.602762447136621,5.256259908791721,6.928874747230289
2026-09-07,91.72162873230828,0.34363904182768934,101.60238121906141,11.899881616547388,9.0,8.789036775384913
2026-09-07,68.67517460625389,2.08805532477033,141.35664832035525,10.903109526755728,8.339102749484326,6.459596187795486
2026-09-07,88.14624949404107,0.6464725203427388,127.14832274308446,12.584535200386439,7.112390792400162,6.415487174543062
2026-09-07,88.76851834820879,0.16480370660967705,147.83095766886444,15.012944514823408,5.610213440960685,6.063360941493174
2026-09-07,86.74528806877824,0.006097799918525214,156.43837770692303,14.758953849849076,4.694818152133051,6.077523431098626
2026-09-07,51.37971621701879,4.324529707395351,146.6500383237606,16.27723640133918,4.701179412143553,6.96074704373728
2026-09-07,46.76757208670488,0.29280681421473387,155.70377155241172,16.450132137932364,4.132816967736653,3.806001971632952
2026-09-07,46.83120059269557,0.22938800801275758,155.85246491972998,15.974659539687265,4.127451132316872,3.8459586790665408
2026-09-07,37.35161375932676,0.9364414480256268,154.62582705982675,14.72900191881613,5.408064878696388,4.339952029374842
2026-09-07,43.18327181315934,2.651377229601461,181.16242396126728,14.718981124183205,5.85925894594347,7.385793811049809
2026-09-07,36.23916070979826,0.8299087330358886,155.1467831266659,13.730104094097426,4.786384613229099,7.349563730021878
2026-09-07,22.51654139560189,5.519284475944559,152.90141689320433,12.309900609592194,5.833960882125031,7.4411510314613345
2026-09-07,88.58823250759887,1.245530703827229,108.90500466848839,8.116020513543273,8.877520715358724,9.0
2026-09-07,46.740079040832875,8.67254629608136,110.73727484437119,8.53939768259003,9.0,9.0
2026-09-07,86.91946384711609,2.4725041474762426,156.73737421995926,9.767410438371712,6.953575135101313,8.776315578905427
2026-09-07,88.18447687788318,2.1968084982756735,162.85478049029965,9.89313638499829,7.37302440378857,8.22816717325501
2026-09-07,69.35832718301803,6.062098326158784,168.6050233344747,10.058907734563723,9.0,8.684497968310195
2026-09-07,63.44728331038005,2.5686423724892586,93.31513586767636,9.1907861243654,9.0,9.0
2026-09-07,91.29058443415704,0.8793286984025781,95.28526412982688,8.556583946992589,7.594557700714502,8.480077888208642
2026-09-07,94.29056926319063,0.4552672803499884,72.71936429998829,10.511199987016852,6.0949793178410925,8.408610665424167
2026-09-07,40.15408646196692,1.407027980684184,157.79617808322243,12.227773868504107,6.139492965349004,7.8778578894861315
2026-09-07,56.08627767084802,4.222687327065885,146.49656447862407,11.873244992289052,5.59655744806607,4.659488738855947
2026-09-07,68.20908379032747,3.851904402496353,122.03143537511296,12.31863267983817,4.246057134138962,5.032769209638183
2026-09-07,42.07564818862895,8.947417364183694,119.06894823482972,12.054141988581176,5.669496173168866,4.82146575084556
2026-09-07,75.94083070280263,6.652754882758326,195.96941766081738,12.447999673715785,6.093756329075863,7.453485073143991
2026-09-07,40.7495680104667,2.115438880145448,145.17277466947058,12.419926021649118,4.750834352111032,6.844822201847837
2026-09-07,88.26997467566227,0.42750848622437193,96.44984447111284,11.304661900830826,4.596397896296521,6.680929292518694
2026-09-07,42.421016475577275,2.4826171475967054,134.53792118696214,9.339224243639276,5.498541763068775,9.0
2026-09-07,37.708515289875386,5.245021506633371,135.5828354126577,10.562993128679864,4.727386658683031,7.217475372507974
2026-09-07,22.262396253520723,33.106778793550816,130.14977591181542,7.921983708738031,7.200528130068632,5.7862520305908784
2026-09-07,41.3870148185361,6.585309330353388,133.44714621138854,8.230234870246997,7.628022585882336,7.214210399466298
2026-09-07,37.33228730428216,17.160103683229448,131.74210638835163,7.683727331512541,8.089817591230657,8.002798954048817
2026-09-07,38.2935605447899,3.671702276755839,140.4529059030988,8.119734060599736,9.0,8.772996043014237
2026-09-07,28.041451020371728,20.01218018382836,125.16227229000327,8.623406652677106,7.115160097438777,7.1724133857525665
2026-09-07,89.30117413033622,0.9527019096751905,94.18294473894399,9.138849754093428,8.912681354691923,8.593093167123317
2026-09-07,54.84420320691983,13.131073951180532,194.4274138526947,9.945726259167365,9.0,9.0
2026-09-07,66.47707016033004,1.05952192961645,137.66944912614773,8.936341527821533,9.0,8.36501163195211
2026-09-07,50.53721403446271,8.025705634359266,155.9047017326313,8.725774302135356,6.623581138873646,7.17948269110043
2026-09-07,66.5319617591333,2.3190635551447776,122.1829725769189,9.250676247903986,5.743146748376664,3.1051096294263205
2026-09-07,93.34862530545406,0.348231537098188,143.95919022441154,10.15382363956557,5.372384066004563,5.539246908093437
2026-09-07,87.45162135478468,0.38530786536585127,130.22370431122445,10.616900465773128,6.680014224614249,6.496243721534308
2026-09-07,50.10514077202433,0.904135020692705,150.60216690536353,12.990837109441856,5.681123923468647,7.819905656635195
2026-09-07,55.53093845454323,1.2549501035277937,150.26536308857965,14.742484261236472,5.122891785654264,7.795493064900375
2026-09-07,68.71787466324987,1.286980729810054,134.60739443082787,11.239173601006375,6.564186529248649,6.856540596452886
2026-09-07,54.06258532171356,0.9906384042949846,150.8551738541043,15.150601947634526,4.700390915096195,6.852526338787547
2026-09-07,57.053741032484595,0.7204073119525247,150.84048628838946,12.527178604029611,4.898456119043812,6.3274193499563856
2026-09-07,84.792200306717,0.7495390707524057,136.21852255688648,15.103374051793203,4.954628869698155,5.361565402903685
2026-09-07,88.78095129460594,0.5824225656407315,136.83576112518054,17.96670771000465,4.089574619505073,5.240874362767254
2026-09-07,87.94533970982046,0.22169722354177643,159.84651168485138,17.896722455477686,4.6515766471239095,5.482368484194447
2026-09-07,91.2178749146491,0.507530529464397,127.68262002160029,20.557329768771183,4.2709661700397135,5.010857371311019
2026-09-07,89.41783745660545,0.1319045029143836,126.16685281126146,18.549482665158322,4.5439704776678616,5.128126307981244
2026-09-07,63.90351284209228,1.4207669732344426,156.86662914918088,20.038441458779133,4.646686369664131,5.308578354656217
2026-09-07,,,,,,
2026-09-07,88.47517217352917,0.9662233147897269,121.57460921929884,21.620486761983905,3.8918325500086444,5.513098007613057
2026-09-07,100.0,0.8303502714808341,158.712430673834,26.255301999616112,2.875207029735752,0.0
2026-09-07,100.0,8.472619252968576,119.264566889798,23.432046986936793,5.365513226172168,5.624802811006878
2026-09-07,100.0,0.05806765730918638,120.07427015980132,25.594337223614357,1.7813631448918266,0.0
2026-09-07,15.04426577438657,36.33142005370664,124.05936575811951,7.710534687922014,9.0,9.0
2026-09-07,60.20933268641308,1.6913611280835061,110.28030686487882,10.34149206225286,5.34942937987454,5.540635684294642
2026-09-07,43.45171263050915,6.8270393300001375,118.73066559615386,11.011903877518124,7.708788379307264,5.531155121889801
2026-09-07,56.29795111209875,1.8695001141309069,138.25963135910195,11.448677497265098,5.0581166842279774,7.061638917623236
2026-09-07,93.66346999188154,0.44253624232926086,69.97885707523086,10.495594036187786,9.0,8.081875297608473
2026-09-07,87.28706697705803,2.026973052297621,115.55850444577057,11.614040068237497,8.700502613940275,9.0
2026-09-07,87.12008663942022,1.9614477739230285,115.59717470058676,13.933954596149187,7.6664890194506015,8.69329926791237
2026-09-07,89.67967714473593,0.0059127734056835125,156.46954046759743,15.847885531986643,5.3794966718942705,5.842681260300684
2026-09-07,52.01744614335041,0.1288454681566077,156.0394424269378,15.835519547733911,3.900591180930231,3.6655835596703357
2026-09-07,34.345954268313434,1.9430079857355411,151.39869529439767,15.542967456127167,4.751048680131307,4.35694613788905
2026-09-07,32.93656929346708,1.0749401963441223,155.05294235774912,14.81822320636101,4.767097540676155,4.309868176221921
2026-09-07,65.26105207051428,1.4360130110174665,123.07531245035328,13.461393559626849,7.6752561495279235,8.7839193369285
2026-09-07,31.653982039264335,2.0742236302246866,153.82965135805736,12.424674015621491,5.453308749902287,7.009740918716512
2026-09-07,65.65391159514242,0.05007298621871883,148.43100348445364,12.592290962217167,4.874254652493062,5.786552756504613
2026-09-07,26.60327162068736,4.802652056693278,146.92588367894737,11.976668136303013,5.930059252221129,7.062594540088334
2026-09-07,77.56560755455844,0.5018256044550905,65.75731503347747,11.199259030721446,9.0,5.973809904506042
2026-09-07,50.77825165908874,1.0485898819445478,138.89732995857753,11.059109499328038,8.005938546388007,7.782087155285165
2026-09-07,54.50756070518131,0.27353116931393673,154.97881683129853,13.90999820296919,5.051282174816158,6.257964831836733
2026-09-07,96.41471833883456,0.2084019647463224,119.92555366294411,20.974469925136773,3.1837517530235737,4.831559508053362
2026-09-07,,,,,,
2026-09-07,100.0,0.10139584131223989,119.88678860814778,22.39523261319502,2.978624610197688,4.5811718627494145
2026-09-07,100.0,3.3057253713743546,119.73625704992797,23.616539864516596,5.547763972157041,5.482793244695816
2026-09-07,100.0,0.3362674958243244,119.8755411785645,24.727005346555273,3.141263228539697,4.080078644200063
2026-09-07,100.0,1.3272865761121908,122.86663938554257,18.56723486515275,4.84982593736797,5.090827799461244
2026-09-07,100.0,0.3206228680283413,120.33239210893225,24.268711264827235,2.954142079148716,0.0
2026-09-07,85.86752707152415,1.1032126394464032,140.6611991430464,17.677845554897182,4.159584987400262,4.89799386231167
2026-09-07,83.94711705046434,2.9248593499896387,119.61513319661665,20.657417824737017,4.565873825576886,5.352328569492758
2026-09-07,91.15786987385111,0.12325462684961937,125.47184437718177,19.478706484535174,3.9862648280047495,5.041968946880402
2026-09-07,87.68289466770956,2.9531014745736575,122.46320960055223,23.118332135883158,5.560483455266253,6.313504954618939
2026-09-07,100.0,0.0845974486439389,120.04132797828152,24.031417143082695,1.634119722564817,4.518054701984642
2026-09-07,92.83437223142411,1.593675558031489,122.15997631000779,24.177613911977154,3.708502245408363,5.291082827654799
2026-09-07,70.68609848076774,0.39352617334480766,136.92932398189723,17.571219800057733,7.052326224421193,7.656806150154222
2026-09-07,83.8841465150162,0.1828326192055496,120.94361102903292,16.079331895829313,3.9971470313524247,2.7669906542651597
2026-09-07,63.63599437810225,0.43342742944316254,130.3064680757314,17.957208254641984,6.456438092594018,7.484726289593725
2026-09-07,80.79127914908803,0.8619034925391161,120.11182101008087,20.04769817098459,6.408646716514007,6.7662940357287376
2026-09-07,91.79118092006165,0.06951211268132473,119.84204264435677,22.053737786637726,3.6904275751495677,5.025959654763535
2026-09-07,86.97371763252461,2.0128971045518806,123.05198883919554,23.811129633628056,5.496464367983879,6.405875745654099
2026-09-07,93.19509304417105,0.06356312840347654,119.84976007441982,24.542000428533278,2.403615939253308,4.750131776827241
2026-09-07,28.315734775822943,1.5298593773277815,152.2093422605307,13.350417918577422,5.005414265924458,4.204178024223403
2026-09-07,61.67057935028537,0.46381759134021844,134.5305362626125,12.10367694003221,7.29940363955187,8.027131835611248
2026-09-07,44.76366556785866,0.707835634299202,136.97508168605276,13.126654900922142,5.712840637574005,6.866078281604967
2026-09-07,49.36725369196035,0.7476897634358696,147.531156130087,15.500426269065697,5.3793636914738325,4.47451532185731
2026-09-07,83.37053013126092,1.6371973008337395,141.1735896738558,18.787385842539358,5.283842948161453,4.116419532136445
2026-09-07,87.17248191922374,0.097666062738409,148.62314624732616,21.232316403784584,3.92383141695255,6.005831938808753
2026-09-07,71.83442476634879,2.154960576986484,119.62344669715414,22.574925169192785,6.67002357002962,7.1027947947091095
2026-09-07,36.50864935540874,4.691150469563083,136.3389471584385,10.809582947404472,4.650969691378305,6.886858133217958
2026-09-07,34.40124187696901,4.892690761292353,137.52220601121292,9.433346876998986,4.744269508053753,7.337092812777721
2026-09-07,29.34127638243835,5.184839585370025,143.14480475381453,9.866786946161671,4.13167703321912,6.7587155414678985
2026-09-07,63.10465521143074,1.819748041124483,120.98234004366333,10.636738802030608,4.197614506881963,4.750286582322195
2026-09-07,50.343901108444186,4.023035796161659,123.39313893349133,11.165199972028258,5.324599802736802,7.9845154274064924
2026-09-07,48.85023691807133,1.716937417526494,146.9770764856056,12.965619027165262,4.724100509491428,3.8883468919805013
2026-09-07,55.76582890164885,0.8019286176355972,154.63334370244658,14.488472473584931,5.054591160953842,4.728724147867575
2026-09-07,26.715481506987775,3.189437015059511,140.82102595455666,13.35556766018204,5.434998107001356,4.012624761788706
2026-09-07,95.32301326843789,1.0141596284388275,104.63813455050887,15.518365539159149,6.318466545873874,6.854651812244227
2026-09-07,67.10697351468295,0.4058403827730522,149.896808666349,17.60930313317909,5.4856825260317175,6.572039717532872
2026-09-07,81.09806226313054,1.7487748900690807,119.69609180784602,21.142788942019187,4.550137506867239,6.1518614672890255
2026-09-07,89.93769468561415,0.46927209371629175,119.80522487645196,23.04702722399372,3.1440369117537186,5.528915349900743
2026-09-07,87.90402056799465,1.3760567639466001,124.0137442227325,24.265444402394067,4.346799268739588,5.9771394966658455
2026-09-07,52.548346082324194,1.0329310442047557,156.10630892026515,16.533436444390276,5.624975054697224,5.193949852137374
2026-09-07,77.76045779061316,0.3284601463427404,123.73880303064084,18.97232515868987,4.35774755001802,3.191317004032066
2026-09-07,89.42163969026191,2.2053611564637525,119.76415112213152,20.798770348531924,5.141954417241765,4.200534757191933
