id,title,type,group,ecological_justification,supporting_indicators,sources_used,location,affected_surface,expected_ecological_benefit,urgency,difficulty,confidence,dependencies,diagnosis_conclusions,ecological_priority_score
DADES-001,"Desbloquejar Copernicus i clima abans de tancar vegetació, refugis climàtics i vulnerabilitat",investigar,Dades pendents,"La diagnosi identifica teledetecció i clima com les dades que més condicionen vegetació, clima, foc, restauració i prioritat de gestió.",CORE_03; CORE_04; CORE_05; CORE_09; CORE_11; CORE_12,,Tot l'àmbit d'Alinyà; lectura raster i climàtica homogènia.,"5.464,03 ha","Augmentar de forma directa la confiança dels indicadors climàtics, de vegetació, foc i restauració.",molt alta,baixa,alta,"Credencials Copernicus, Meteocat/AEMET i definició de producte LST.","Les dades que més condicionen la diagnosi són teledetecció, clima, camp i combustible",97.18
CAMP-001,"Executar una campanya de validació de camp sobre hàbitats, aigua, ús públic i biodiversitat sensible",validar al camp,Treball de camp,La diagnosi marca com a robusta la necessitat de camp perquè falten field_biodiversity i field_validation en diversos indicadors.,CORE_02; CORE_06; CORE_07; CORE_10,aca_hydrology; gbif_occurrences; habitats_terrestres_v3; inaturalist_observations; osm_public_use,"HIC i HIC prioritaris, punts d'aigua, accessos principals i grups taxonòmics poc representats.","5.464,03 ha d'àmbit de mostreig; punts finals a definir en pla de camp",Convertir incerteses en criteris verificats i evitar actuacions incompatibles amb hàbitats o espècies sensibles.,molt alta,mitjana,alta,Disseny de protocols de camp i importador de dades pròpies EcoRadar.,"Cal validar al camp hàbitats, pressió humana, punts d'aigua i biodiversitat sensible",91.55
CONS-001,Conservar preventivament HIC i hàbitats prioritaris abans de qualsevol actuació,conservar,Conservació,"La diagnosi identifica els hàbitats com un dels valors ecològics principals: CORE_02 és molt alt i combina riquesa d'hàbitats, HIC i HIC prioritaris.",CORE_02; CORE_06; CORE_08,aca_hydrology; connectivity_infraestructura_verda; gbif_occurrences; habitats_terrestres_v3; hic_v2; inaturalist_observations; land_cover_icgc_cobertes_sol; osm_public_use,Polígons cartografiats com HIC o HIC prioritari dins l'àrea d'Alinyà.,"3.170,95 ha HIC; 1.229,39 ha HIC prioritaris",Evitar impactes sobre hàbitats de responsabilitat de conservació i mantenir els valors que sustenten la diagnosi.,alta,mitjana,alta,Validació de camp d'hàbitats abans d'actuacions locals.,"Hàbitats, biodiversitat coneguda i connectivitat són els principals valors detectats",78.87
CONS-002,Mantenir la matriu natural connectada i evitar noves barreres,millorar connectivitat,Conservació,"La diagnosi relaciona mosaic alt, connectivitat alta i hàbitats de valor; cap capa aïllada explica el funcionament del territori.",CORE_01; CORE_02; CORE_08; CORE_10,aca_hydrology; connectivity_infraestructura_verda; habitats_terrestres_v3; hic_v2; icgc_dem_mdt; land_cover_icgc_cobertes_sol; osm_public_use,Connectors oficials i zones de matriu natural identificades per Infraestructura Verda i cobertes del sòl.,"1.198,60 ha en connectors terrestres principals retallats",Mantenir permeabilitat ecològica i reduir fragmentació futura.,alta,mitjana,mitjana,Model de barreres fines i validació de passos/corredors locals.,El funcionament ecològic depèn d'una matriu natural connectada amb funcions hídriques parcials,69.01
HIDRO-001,"Validar funcionalitat hídrica, fonts i punts d'aigua abans de definir refugis o restauració",hidrologia,Seguiment,La diagnosi indica que l'aigua està cartografiada parcialment però no funcionalment caracteritzada.,CORE_10; CORE_04,aca_hydrology; icgc_dem_mdt; land_cover_icgc_cobertes_sol,Cursos/drenatge ACA i fonts oficials dins l'àrea d'estudi.,"11,77 km de xarxa hidrogràfica/drenatge; 12 fonts oficials","Millorar la lectura de refugis climàtics, fauna associada a aigua i oportunitats de restauració.",alta,mitjana,mitjana,"NDWI, verificació de camp de fonts/basses i estat ecològic dels punts d'aigua.",L'aigua està cartografiada parcialment però no funcionalment caracteritzada,69.01
FOC-001,"Validar combustible, humitat vegetal i discontinuïtats abans de proposar gestió forestal",validar al camp,Treball de camp,"La diagnosi no tanca resiliència al foc perquè falten NDMI, LST i estructura oficial de combustible.",CORE_09; CORE_01; CORE_10,aca_hydrology; connectivity_infraestructura_verda; fires_burned_areas; habitats_terrestres_v3; icgc_dem_mdt; land_cover_icgc_cobertes_sol; osm_public_use,"Masses forestals, matollars, prats i discontinuïtats detectades per cobertes del sòl i DEM.","5.464,03 ha d'àmbit potencial; actuacions forestals no delimitades encara",Evitar actuacions forestals prematures i separar zones on el mosaic ajuda de zones on pot faltar discontinuïtat.,alta,mitjana,mitjana,"NDMI, LST, font oficial de combustible/estructura forestal i validació de camp.",La resiliència davant del foc queda condicionada per combustible i humitat no disponibles,69.01
AGR-001,"Verificar prats, conreus residuals i espais oberts amb SIGPAC/DUN abans de gestió agrària",gestió agrària,Dades pendents,"La diagnosi apunta que els espais oberts poden tenir funció ecològica desproporcionada, però SIGPAC/DUN no està disponible.",CORE_01; CORE_09,aca_hydrology; connectivity_infraestructura_verda; fires_burned_areas; habitats_terrestres_v3; icgc_dem_mdt; land_cover_icgc_cobertes_sol; osm_public_use,"Prats, herbassars, conreus residuals i ecotons detectats per cobertes/hàbitats.","5.464,03 ha d'àmbit; superfície agrària fina pendent de SIGPAC/DUN",Distingir espais oberts ecològicament estratègics de zones sense funció prioritària abans de gestionar o restaurar.,mitjana,baixa,mitjana,Accés oficial SIGPAC/DUN i validació de camp dels espais oberts.,Els espais oberts poden tenir una funció ecològica desproporcionada dins la matriu forestal,61.97
REST-001,Validar zones candidates de restauració abans de convertir el potencial en actuacions,validar al camp,Restauració,"La diagnosi detecta potencial de restauració alt, però encara no priorització espacial ni hàbitats degradats validats.",CORE_11; CORE_12,aca_hydrology; connectivity_infraestructura_verda; fires_burned_areas; gbif_occurrences; habitats_terrestres_v3; hic_v2; icgc_dem_mdt; inaturalist_observations; land_cover_icgc_cobertes_sol; osm_public_use,"Àmbit complet; priorització pendent de Sentinel, camp, combustible i SIGPAC/DUN.","5.464,03 ha d'anàlisi; superfície d'actuació no delimitada",Evitar restauracions mal localitzades i preparar una cartera de zones candidates amb criteri ecològic.,mitjana,mitjana,mitjana,"Sentinel, hàbitats degradats, hàbitats font, SIGPAC/DUN i treball de camp.","Hi ha potencial de restauració, però encara no priorització espacial",56.34
GEST-001,Validar i ordenar l'ús públic on es pot solapar amb hàbitats d'alt valor,ordenar ús públic,Gestió,"La diagnosi detecta valor ecològic molt alt i pressió humana potencial mitjana; això no prova conflicte, però obliga a validar accessos i freqüentació.",CORE_02; CORE_06; CORE_07,gbif_occurrences; habitats_terrestres_v3; hic_v2; inaturalist_observations; osm_public_use,"Camins, pistes i punts d'ús públic cartografiats per OSM, especialment propers a HIC i zones connectores.","124,83 km de camins/pistes OSM; 18 punts d'ús públic",Reduir possibles conflictes entre conservació i ús públic abans que esdevinguin pressions reals.,mitjana,mitjana,mitjana,"Comptadors, observació de camp o dades de gestors; Strava només si és legalment compatible.",Valor ecològic alt amb pressió humana potencial mitjana,56.34
