grup_taxonomic,nombre_registres,nombre_especies,registres_recents,registres_historics,font_principal,possibles_buits_informacio
Aves,2296,133,552,1743,GBIF,2266 registres dubtosos; 1 registres sense data
Plantae,475,346,470,5,GBIF,268 registres dubtosos
Insecta,473,304,459,14,GBIF,138 registres dubtosos
Mammalia,315,16,249,66,GBIF,42 registres dubtosos
Fungi,33,31,31,2,iNaturalist,10 registres dubtosos
Gastropoda,33,17,2,31,GBIF,2 registres dubtosos
Arachnida,19,13,19,0,iNaturalist,cap buit evident en les fonts consultades
Amphibia,8,6,4,4,GBIF,4 registres dubtosos
Protozoa,7,5,3,4,GBIF,4 registres dubtosos
Reptilia,7,4,7,0,iNaturalist,1 registres dubtosos
Sense grup,6,0,6,0,iNaturalist,5 registres dubtosos
Animalia,4,4,4,0,iNaturalist,cap buit evident en les fonts consultades
Mollusca,3,3,3,0,iNaturalist,cap buit evident en les fonts consultades
Squamata,1,1,1,0,GBIF,1 registres dubtosos
