indicador,valor,unitat,estat,font,notes
superficie_total,5464.0317,ha,disponible,study_area.gpkg,
perimetre,93285.61,m,disponible,study_area.gpkg,
percentatge_coberta_forestal,88.4246,%,disponible,cobertes_sol_resum.csv,Classes amb Bosc/Boscos incloses.
percentatge_prats_pastures_herbassars,9.3344,%,disponible,cobertes_sol_resum.csv,
percentatge_agricola,0.0047,%,disponible,cobertes_sol_resum.csv,
percentatge_urba_artificial,0.0801,%,disponible,cobertes_sol_resum.csv,Inclou casc urba i xarxa viaria segons classes disponibles.
nombre_tipus_cobertes,13,classes,disponible,cobertes_sol_resum.csv,
nombre_habitats,47,habitats,disponible,habitats_resum.csv,
superficie_hic,3170.9548,ha,disponible,habitats_resum.csv,
ndvi_mitja,no disponible,,no_disponible,teledeteccio_metadata.json,Copernicus bloquejat: falten COPERNICUS_CLIENT_ID i COPERNICUS_CLIENT_SECRET.
ndmi_mitja,no disponible,,no_disponible,teledeteccio_metadata.json,Copernicus bloquejat: falten COPERNICUS_CLIENT_ID i COPERNICUS_CLIENT_SECRET.
ndwi_mitja,no disponible,,no_disponible,teledeteccio_metadata.json,Copernicus bloquejat: falten COPERNICUS_CLIENT_ID i COPERNICUS_CLIENT_SECRET.
lst_mitjana,no disponible,,no_disponible,teledeteccio_metadata.json,LST no habilitada: cal configurar col·leccio Sentinel-3/CLMS i credencials.
nombre_registres_biodiversitat,3680,registres,disponible,biodiversitat_metadata.json,Registres normalitzats després del retall espacial; univers de CORE_06 Fase 2.
nombre_especies_registrades,516,especies,disponible,biodiversitat.gpkg,
nombre_registres_recents,726,registres,disponible,biodiversitat.gpkg,Llindar recent definit pel connector de biodiversitat.
densitat_camins_i_pistes,2.2846,km/km2,disponible,recreational_pressure_resum.csv,"Densitat calculada a partir de camins, pistes i vials menors OpenStreetMap retallats a l'àrea; no representa intensitat real de visitants."
nombre_accessos_punts_us_public,18,punts,disponible,recreational_pressure_resum.csv,"Punts OSM d'aparcament, mirador, informació, refugi, aigua o ús recreatiu; cal validació de camp."
