code,name,status,raw_value,normalized_value,category,confidence,sources_used,limitations,preliminary_recommendation,brief_interpretation,missing_data,map_output
CORE_01,Mosaic del paisatge,parcial,cobertes=13; forestal=88.4246%; prats=9.3344%; agricola=0.0047%; artificial=0.0801%,60.01,alt,mitjana,cobertes_sol_resum.csv,No hi ha encara calcul espacial de continuitat forestal.,Validar discontinuïtats reals i conservar espais oberts existents.,Mosaic estimat amb classes de coberta i percentatges basics; la continuitat espacial queda pendent.,continuïtat forestal espacial,projectes/Alinya/maps/ecoradar_core/core_01.md
CORE_02,Valor d'habitats,parcial,habitats=47; HIC=3170.95 ha; prioritaris=1229.39 ha,98.91,molt alt,mitjana,habitats_resum.csv,Habitats sensibles encara no estan classificats en una llista EcoRadar validada.,Revisar els habitats HIC i prioritaris abans de qualsevol actuacio.,"Valor calculat amb riquesa d'habitats, HIC i HIC prioritaris. Habitats principals: 42.561; 32.641+; 42.425.",classificacio d'habitats sensibles; zones de mes valor espacialitzades,projectes/Alinya/maps/ecoradar_core/core_02.md
CORE_03,Estat de la vegetacio,no disponible,no disponible,,no disponible,baixa,teledeteccio_metadata.json,Copernicus esta bloquejat per manca de credencials i no hi ha rasters NDVI/NDMI/NDWI/LST.,Configurar credencials Copernicus i generar rasters abans de valorar aquest indicador.,No es pot calcular sense teledeteccio real.,NDVI; NDMI; NDWI; anomalia temporal,projectes/Alinya/maps/ecoradar_core/core_03.md
CORE_04,Refugis climatics,parcial,cobertura forestal=88.4246%,88.42,molt alt,baixa,cobertes_sol_resum.csv,"Falten LST, NDMI, orientacio i proximitat a aigua; no es poden delimitar refugis.","No prioritzar refugis climatics sense teledeteccio, topografia i hidrologia.",Només es pot usar la cobertura forestal com a senyal parcial; el mapa de refugis queda pendent.,LST; NDMI; orientacio nord/obaga; proximitat a cursos o punts d'aigua,projectes/Alinya/maps/ecoradar_core/core_04.md
CORE_05,Vulnerabilitat climatica,parcial,proxy disponible: forestal=88.4246%; artificial=0.0801%,22.99,baix,baixa,cobertes_sol_resum.csv,"Falten LST, NDMI, orientacio, pendent i manca d'aigua; el valor es un proxy incomplet.","Esperar teledeteccio, DEM i hidrologia abans de prioritzar restauracio climatica.",Vulnerabilitat només aproximada amb cobertura; no hi ha mapa de zones vulnerables.,LST alta; NDMI baix; orientacio sud; pendent; manca d'aigua,projectes/Alinya/maps/ecoradar_core/core_05.md
CORE_06,Biodiversitat coneguda,parcial,registres=731; especies=516; recents=726,99.66,molt alt,mitjana,biodiversitat.gpkg; biodiversitat_resum.csv,"No hi ha encara llistes d'especies indicadores, protegides o invasores creuades.",Validar grups infrarepresentats amb treball de camp i llistes de referencia.,"Biodiversitat coneguda basada en cites publiques; grups infrarepresentats o febles: Reptilia, Amphibia, Sense grup, Animalia, Mollusca, Protozoa.",especies indicadores; especies protegides/interes; buit espacial d'informacio,projectes/Alinya/maps/ecoradar_core/core_06.md
CORE_07,Pressio humana i us public,parcial,densitat camins/pistes=2.2846 km/km2; punts us public=18,39.32,baix,baixa,recreational_pressure.gpkg; recreational_pressure_resum.csv,"OSM descriu infraestructura cartografiada, no intensitat real de visitants.; Strava, comptadors, dades de gestors i observacions de camp encara no estan incorporats.","Validar sobre el terreny els accessos, aparcaments i camins principals abans d'interpretar pressio real.",Pressio humana estimada parcialment amb xarxa OSM i punts d'us public; no representa nombre de visitants.,heatmap autoritzat; comptadors; dades de gestors; observacions de camp,projectes/Alinya/maps/ecoradar_core/core_07.md
CORE_08,Connectivitat ecologica,parcial,forestal=88.4246%; prats=9.3344%,60.05,alt,baixa,cobertes_sol_resum.csv; habitats_resum.csv,"Falten barreres, riberes i model espacial de corredors.",No definir corredors fins incorporar barreres i xarxa hidrica.,Connectivitat aproximada només amb cobertes; corredors i barreres principals pendents.,barreres; xarxa de riberes; infraestructures; corredors potencials,projectes/Alinya/maps/ecoradar_core/core_08.md
CORE_09,Resiliencia al foc,parcial,forestal=88.4246%; prats=9.3344%; agricola=0.0047%,32.65,baix,baixa,cobertes_sol_resum.csv,"Falten pendent, orientacio, NDMI, LST, accessos i punts d'aigua.",Analitzar mosaic i discontinuïtats abans de proposar actuacions forestals.,Estimacio parcial basada en continuitat forestal aparent i mosaic obert; no es risc final.,pendent; orientacio; NDMI; LST; accessos; punts d'aigua,projectes/Alinya/maps/ecoradar_core/core_09.md
CORE_10,Aigua i funcionalitat hidrica,no disponible,no disponible,,no disponible,baixa,,No hi ha connector hidrologic executat i NDWI no esta disponible.,Implementar connector hidrologic oficial i executar NDWI quan Copernicus estigui disponible.,No es pot valorar funcionalitat hidrica amb les dades actuals.,cursos fluvials; basses; fonts; zones humides; NDWI; punts d'aigua de camp,projectes/Alinya/maps/ecoradar_core/core_10.md
CORE_11,Potencial de restauracio,no disponible,no disponible,,no disponible,baixa,,"Depen d'indicadors encara no disponibles: vegetacio, vulnerabilitat climatica, connectivitat robusta i pressio humana.","Esperar les capes de vegetacio, pressio humana, hidrologia i camp abans de proposar zones.",No es pot calcular potencial de restauracio sense els indicadors base complets.,baixa qualitat de vegetacio; habitats degradats; baixa connectivitat; pressio gestionable; habitats font,projectes/Alinya/maps/ecoradar_core/core_11.md
CORE_12,Prioritat de gestio,no disponible,no disponible,,no disponible,baixa,,Indicador final de sintesi bloquejat fins tenir els Core previs amb prou confiança.,"No generar top 10 zones prioritaries fins disposar de pressio humana, clima, foc, aigua i camp.",No es calcula cap prioritat global per evitar una mitjana simplista.,refugis climatics; vulnerabilitat; pressio humana; resiliencia al foc; potencial de restauracio,projectes/Alinya/maps/ecoradar_core/core_12.md
