codi_habitat,nom_habitat,superficie_ha,percentatge_total,es_hic,es_prioritari
42.561,"Boscos de pi roig (Pinus sylvestris), calcícoles i mesòfils, dels obacs de l'estatge montà dels Pirineus",951.894,17.4211,False,False
32.641+,Boixedes (matollars de Buxus sempervirens) de la muntanya mitjana (i de les contrades mediterrànies),564.4635,10.3305,True,False
42.425,"Boscos de pi negre (Pinus uncinata), calcícoles i mesòfils, dels obacs pirinencs",561.9633,10.2848,True,True
42.632,"Boscos de pinassa (Pinus nigra subsp. salzmannii) dels Prepirineus, el territori ausosegàrric i les muntanyes mediterrànies septentrionals (fins a l'alt Gaià)",497.9718,9.1136,True,True
32.1134+,"Màquies de carrasca (Quercus rotundifolia), calcícoles, de les contrades mediterrànies i de l'estatge submontà",292.4812,5.3528,True,False
31.8123,"Matollars de corner (Amelanchier ovalis), boix (Buxus sempervirens), espina cervina (Rhamnus saxatilis)..., calcícoles, de costers rocosos, secs, de la muntanya mitjana",244.4335,4.4735,True,False
42.B3+,Boscos mixtos de pi roig (Pinus sylvestris) i pinassa (Pinus nigra subsp. salzmannii),238.24,4.3602,False,False
34.32611+,"Prats calcícoles i mesòfils, amb Festuca nigrescens, Plantago media (plantatge), Galium verum (espunyidella groga), Cirsium acaule..., de la muntanya mitjana i de l'estatge subalpí dels Pirineus i de les terres properes",237.3115,4.3432,True,False
36.434,"Prats d'ussona (Festuca gautieri) i comunitats anàlogues, calcícoles i mesoxeròfils, de l'alta muntanya pirinenca",221.9793,4.0626,True,False
42.43,"Pinedes de pi negre (Pinus uncinata), o repoblacions, sense sotabosc forestal",169.1397,3.0955,False,False
42.4242,"Boscos de pi negre (Pinus uncinata), calcícoles i xeròfils, dels solells pirinencs",147.3407,2.6966,True,True
34.721,"Joncedes (prats, sovint emmatats, d'Aphyllanthes monspeliensis), calcícoles, de les contrades mediterrànies i de la muntanya mitjana poc plujosa",143.7198,2.6303,False,False
34.7133,"Prats, sovint emmatats, d'Ononis striata, Anthyllis montana, Globularia cordifolia (lluqueta)..., calcícoles i xeròfils, de la muntanya mitjana (i de l'estatge subalpí), sobretot als Prepirineus",124.3375,2.2756,False,False
32.42,"Brolles dominades per romaní (Rosmarinus officinalis), calcícoles, de terra baixa",113.6256,2.0795,False,False
42.5921+,"Boscos de pi roig (Pinus sylvestris), calcícoles i xeròfils, dels Pirineus",101.3788,1.8554,False,False
61.311,"Pedrusques calcàries, amb Stipa calamagrostis, Rumex scutatus..., de l'estatge montà poc plujós",100.4204,1.8378,True,False
32.4811+,"Argelagars (matollars de Genista scorpius), calcícoles, de terra baixa i de la muntanya mitjana",92.3853,1.6908,False,False
32.1321,"Savinoses (màquies o garrigues amb abundància de Juniperus phoenicea subsp. phoenicea arborescent), calcícoles, de les contrades mediterrànies no litorals",72.2366,1.322,True,False
42.B5+,Altres boscos mixtos de coníferes,61.7961,1.131,False,False
42.67,"Pinedes de pinassa (Pinus nigra subsp. salzmannii), o repoblacions, sense sotabosc forestal",56.619,1.0362,False,False
82.33+,"Conreus herbacis extensius de secà, de muntanya",46.236,0.8462,False,False
34.332G1+,"Prats basòfils i xeròfils, amb Festuca ovina, Avenula iberica, Bromus erectus, Brachypodium phoenicoides, Seseli montanum, Teucrium pyrenaicum (angelins)..., de l'estatge montà dels Pirineus",46.1683,0.8449,True,False
45.3417+,Carrascars amb pins (Pinus spp.),37.2753,0.6822,True,False
42.5E,"Pinedes de pi roig (Pinus sylvestris), o repoblacions, sense sotabosc forestal",36.8094,0.6737,False,False
62.1111,"Roques calcàries amb vegetació casmofítica, termòfila, de les contrades mediterrànies",33.9375,0.6211,True,False
82.31+,Conreus herbacis extensius de sòls humits (sovint de regadiu o de contrades molt plujoses),32.3945,0.5929,False,False
61.342,"Tarteres calcàries, amb Crepis pygmaea, de vessants rostos de l'alta muntanya",28.8356,0.5277,True,False
31.8G,"Bosquines d'arbres aciculifolis joves, procedents de colonització, estadis inicials dels boscos montans o subalpins",25.5119,0.4669,False,False
87.1,Conreus abandonats,24.4432,0.4473,False,False
62.151,"Roques calcàries, amb Potentilla caulescens, Saxifraga longifolia, Asplenium fontanum..., de l'estatge montà i de les muntanyes mediterrànies",24.3457,0.4456,True,False
36.311,"Prats de pèl caní (Nardus stricta), mesòfils, de l'alta muntanya pirinenca",22.1121,0.4047,True,True
45.3415+,Carrascars muntanyencs,18.9057,0.346,True,False
61.51+,"Terrers (badlands) calcaris, generalment margosos o bé guixencs, amb vegetació molt esparsa o quasi nus",17.1494,0.3139,False,False
31.8F,"Bosquines mixtes d'arbres caducifolis i aciculifolis joves, procedents de rebrot o de colonització, estadis inicials del bosc",14.6493,0.2681,False,False
43.7131+,"Boscos mixtos de roure martinenc (Quercus pubescens) i pi roig (Pinus sylvestris), calcícoles, de la muntanya mitjana",14.3648,0.2629,False,False
90.1+,Àrees forestals sotmeses a tallada intensa (< 30 % de recobriment arbori),12.1289,0.222,False,False
81.1,"Camps condicionats com a pastura intensiva, secs o poc humits",8.2311,0.1506,False,False
31.744,"Matollars xeroacàntics d'eriçó (Erinacea anthyllis), calcícoles, de carenes i vessants ventosos, amb sòl esquelètic, dels Prepirineus i de les muntanyes catalanídiques centrals i meridionals",7.4391,0.1361,True,False
31.431,"Matollars de ginebró (Juniperus nana), de vessants solells de l'estatge subalpí",5.459,0.0999,True,False
32.41,"Garrigues de coscoll (Quercus coccifera), sense plantes termòfiles o gairebé",2.9906,0.0547,False,False
44.124,Sargars i gatelledes muntanyencs,2.7521,0.0504,True,False
41.7713,"Boscos de roure valencià (Quercus faginea o híbrids), calcícoles, de la muntanya mitjana poc plujosa (i de terra baixa)",2.1183,0.0388,True,False
83.15,"Fruiterars alts, principalment de regadiu, sobretot conreus de pomeres (Pyrus malus), de presseguers (Prunus persica), de pereres (Pyrus communis) i d'altres rosàcies",1.6441,0.0301,False,False
86.412,Graveres,1.6335,0.0299,False,False
41.7131+,"Boscos de roure martinenc (Quercus pubescens), calcícoles, de la muntanya mitjana, i comunitats equivalents",1.3096,0.024,False,False
45.3416+,"Carrascars amb roures (Quercus faginea, Q. pubescens...), de terra baixa i de l'estatge submontà",1.0043,0.0184,True,False
86.2,Viles i pobles (i petites ciutats),0.4446,0.0081,False,False
